ein,tax_year,filing_year,object_id,legal_filer,xml_batch_id
010238552,2023,2024,202412269349300861,MaineHealth,2024_TEOS_XML_08A
010238552,2024,2025,202542269349301509,MaineHealth,2025_TEOS_XML_08A
232829095,2023,2024,202411369349309571,THOMAS JEFFERSON UNIVERSITY HOSPITALS INC,2024_TEOS_XML_05a
232829095,2024,2025,202541349349308729,THOMAS JEFFERSON UNIVERSITY HOSPITALS INC,2025_TEOS_XML_05A
232829095,2025,2026,202641349349301439,THOMAS JEFFERSON UNIVERSITY HOSPITALS INC,2026_TEOS_XML_05A
340714585,2023,2024,202423199349303332,THE CLEVELAND CLINIC FOUNDATION,2024_TEOS_XML_11A
340714585,2024,2025,202513189349302136,THE CLEVELAND CLINIC FOUNDATION,2025_TEOS_XML_11D
362174823,2023,2024,202441349349305684,RUSH University Medical Center,2024_TEOS_XML_05a
362174823,2024,2025,202501349349309015,Rush University Medical Center,2025_TEOS_XML_05A
362174823,2025,2026,202631349349312808,Rush University Medical Center,2026_TEOS_XML_05A
383952644,2023,2024,202423139349303067,MAYO CLINIC GROUP RETURN,2024_TEOS_XML_11A
383952644,2024,2025,202523189349303887,MAYO CLINIC GROUP RETURN,2025_TEOS_XML_11C
421707837,2023,2024,202413169349302056,HENNEPIN HEALTHCARE SYSTEM INC,2024_TEOS_XML_11A
421707837,2024,2025,202503089349302050,HENNEPIN HEALTHCARE SYSTEM INC,2025_TEOS_XML_11A
452106295,2024,2026,202611339349301531,Christus Health Plan,2026_TEOS_XML_05A
452106295,2025,2026,202641339349301529,Christus Health Plan,2026_TEOS_XML_05A
470617373,2023,2024,202441329349301254,COMMONSPIRIT HEALTH,2024_TEOS_XML_05a
470617373,2024,2025,202531349349305488,COMMONSPIRIT HEALTH,2025_TEOS_XML_05A
470617373,2025,2026,202641339349307439,COMMONSPIRIT HEALTH,2026_TEOS_XML_05A
521622253,2023,2024,202441309349303644,LUMINIS HEALTH INC,2024_TEOS_XML_05a
521622253,2024,2025,202511219349300841,LUMINIS HEALTH INC,2025_TEOS_XML_05A
521622253,2025,2026,202631349349312238,LUMINIS HEALTH INC,2026_TEOS_XML_05A
741180155,2023,2024,202423189349310002,THE METHODIST HOSPITAL,2024_TEOS_XML_11A
741180155,2024,2025,202533119349301948,THE METHODIST HOSPITAL,2025_TEOS_XML_11B
752702388,2023,2024,202403179349300125,Texas Health Resources,2024_TEOS_XML_11A
752702388,2024,2025,202543149349306069,Texas Health Resources,2025_TEOS_XML_11B
811244422,2023,2024,202443189349303569,PROVIDENCE ST JOSEPH HEALTH,2024_TEOS_XML_11A
811244422,2024,2025,202523169349306307,PROVIDENCE ST JOSEPH HEALTH,2025_TEOS_XML_11C
824184596,2023,2024,202443219349300224,ADVOCATE AURORA HEALTH INC,2024_TEOS_XML_11A
824184596,2024,2025,202503219349328340,ADVOCATE AURORA HEALTH INC,2025_TEOS_XML_11A
870269232,2023,2024,202443109349303374,INTERMOUNTAIN HEALTH CARE INC,2024_TEOS_XML_11A
870269232,2024,2025,202523119349302662,INTERMOUNTAIN HEALTH CARE INC,2025_TEOS_XML_11C
900656139,2023,2024,202402269349300855,MASS GENERAL BRIGHAM INCORPORATED & AFFILIATES GROUP RETURN,2024_TEOS_XML_08A
900656139,2024,2025,202512269349302446,MASS GENERAL BRIGHAM INCORPORATED & AFFILIATES GROUP RETURN,2025_TEOS_XML_08A
941105628,2023,2024,202433209349302778,KAISER FOUNDATION HOSPITALS,2024_TEOS_XML_11A
941105628,2024,2025,202523219349309952,KAISER FOUNDATION HOSPITALS,2025_TEOS_XML_11C
